{"minzoom":0,"maxzoom":9,"center":[-86.132812,12.210957,9.0],"bounds":[-87.690445,10.669088,-82.730804,15.030588]}