{"minzoom":0,"maxzoom":8,"center":[-85.078125,11.866483,8.0],"bounds":[-87.690445,10.669088,-82.730804,15.030588]}